市区町村,ホームページ,選挙ページ,投票所,投票所オープンデータ,ポスター掲示場,2016年06月21日時点
総務省,http://www.soumu.go.jp/,http://www.soumu.go.jp/senkyo/senkyo_s/,,,
東京都,http://www.metro.tokyo.jp/index.htm,http://www.senkyo.metro.tokyo.jp/,,,
千代田区,http://www.city.chiyoda.lg.jp/,http://www.city.chiyoda.lg.jp/koho/kurashi/senkyo/,http://www.city.chiyoda.lg.jp/koho/kurashi/senkyo/sedo/documents/tohyojo.pdf,,
中央区,http://www.city.chuo.lg.jp/,http://www.city.chuo.lg.jp/kurasi/senkyo/index.html,http://www.city.chuo.lg.jp/kurasi/senkyo/tohyozyo.html,,
港区,http://www.city.minato.tokyo.jp/,http://www.city.minato.tokyo.jp/kuse/senkyo/index.html,http://www.city.minato.tokyo.jp/senkan/kuse/senkyo/tohyojo/index.html,,
新宿区,http://www.city.shinjuku.lg.jp/,https://www.city.shinjuku.lg.jp/kusei/index10.html,https://www.city.shinjuku.lg.jp/kusei/senkyo01_001005.html,,
文京区,http://www.city.bunkyo.lg.jp/,http://www.city.bunkyo.lg.jp/kusejoho/profile/sosiki-busyo/senkyo.html,http://www.city.bunkyo.lg.jp/kusejoho/senkyo/touhyoujyo.html,,
台東区,http://www.city.taito.lg.jp/,http://www.city.taito.lg.jp/index/kusei/senkyo/index.html,http://www.city.taito.lg.jp/index/kusei/senkyo/shikumi/houhou/toujitutohyo/tohyojochizu/index.html,,
墨田区,http://www.city.sumida.lg.jp/,http://www.city.sumida.lg.jp/kuseijoho/senkyo/index.html,http://www.city.sumida.lg.jp/kuseijoho/senkyo/toushoujo_goannai.html,http://www.city.sumida.lg.jp/kuseijoho/sumida_info/opendata/opendata_ichiran/tohyojyo_data.html,
江東区,http://www.city.koto.lg.jp/,https://www.city.koto.lg.jp/ac/senkyo/,https://www.city.koto.lg.jp/ac/senkyo/8575/index.html,,
品川区,http://www.city.shinagawa.tokyo.jp/,http://www.city.shinagawa.tokyo.jp/hp/menu000000100/hpg000000054.htm,http://www.city.shinagawa.tokyo.jp/hp/menu000001800/hpg000001737.htm,,
目黒区,http://www.city.meguro.tokyo.jp/,http://www.city.meguro.tokyo.jp/gyosei/senkyo/index.html,http://www.city.meguro.tokyo.jp/gyosei/senkyo/tohyojo.html,,
大田区,http://www.city.ota.tokyo.jp/,http://www.city.ota.tokyo.jp/senkyo_kansa/senkyo/index.html,,,
世田谷区,http://www.city.setagaya.lg.jp/index.html,http://www.city.setagaya.lg.jp/kurashi/107/788/,,,
渋谷区,http://www.city.shibuya.tokyo.jp/,http://www.city.shibuya.tokyo.jp/kusei/politics/index.html,http://www.city.shibuya.tokyo.jp/eac/politics/tohyojo.html,,
中野区,http://www.city.tokyo-nakano.lg.jp/,http://www.city.tokyo-nakano.lg.jp/senkan/,http://www.city.tokyo-nakano.lg.jp/dept/711000/d004595.html,,
杉並区,http://www.city.suginami.tokyo.jp/,http://www.city.suginami.tokyo.jp/guide/kusei/senkyo/index.html,http://www.city.suginami.tokyo.jp/guide/kusei/senkyo/1005331.html,,
豊島区,http://www.city.toshima.lg.jp/,http://www.city.toshima.lg.jp/kuse/senkyo/index.html,http://www.city.toshima.lg.jp/kuse/senkyo/tohyojo/index.html,,
北区,http://www.city.kita.tokyo.jp/,http://www.city.kita.tokyo.jp/kuse/senkyo/index.html,http://www.city.kita.tokyo.jp/senkan/kuse/senkyo/ichiran.html,,
荒川区,http://www.city.arakawa.tokyo.jp/,https://www.city.arakawa.tokyo.jp/kurashi/senkan/index.html,https://www.city.arakawa.tokyo.jp/kurashi/senkan/senkyoshiryou/tohyo.html,,
板橋区,http://www.city.itabashi.tokyo.jp/,http://www.city.itabashi.tokyo.jp/c_categories/index01009001.html,http://www.city.itabashi.tokyo.jp/c_kurashi/067/067446.html,http://www.city.itabashi.tokyo.jp/c_kurashi/067/067764.html,http://www.city.itabashi.tokyo.jp/c_kurashi/077/077189.html
練馬区,http://www.city.nerima.tokyo.jp/,http://www.city.nerima.tokyo.jp/kusei/senkyo/,http://www.city.nerima.tokyo.jp/kusei/senkyo/jyouhou/tohyojo/index.html,,
足立区,http://www.city.adachi.tokyo.jp/,http://www.city.adachi.tokyo.jp/chiikibunka/kuminsanka/senkyo/index.html,http://www.city.adachi.tokyo.jp/shisetsu/tohyojo/index.html,,
葛飾区,http://www.city.katsushika.lg.jp/,http://www.city.katsushika.lg.jp/information/1000080/1005822/index.html,,,
江戸川区,http://www.city.edogawa.tokyo.jp/,http://www.city.edogawa.tokyo.jp/kuseijoho/senkyo/index.html,http://www.city.edogawa.tokyo.jp/kuseijoho/senkyo/tohyojoichiran.html,,
八王子市,http://www.city.hachioji.tokyo.jp/,http://www.city.hachioji.tokyo.jp/seisaku/senkyo/index.html,http://www.city.hachioji.tokyo.jp/seisaku/senkyo/tohyojo/index.html,,
立川市,http://www.city.tachikawa.lg.jp/,http://www.city.tachikawa.lg.jp/shise/senkyo/index.html,http://www.city.tachikawa.lg.jp/senkyokanri/shise/senkyo/sedo/tohyojo.html,,
武蔵野市,http://www.city.musashino.lg.jp/,http://www.city.musashino.lg.jp/senkyojoho/index.html,http://www.city.musashino.lg.jp/senkyojoho/senkyonitsuite/005047.html,,
三鷹市,http://www.city.mitaka.tokyo.jp/,http://www.city.mitaka.tokyo.jp/c_categories/index05004003.html,http://www.city.mitaka.tokyo.jp/c_service/017/017701.html,,
府中市,http://www.city.fuchu.tokyo.jp/index.html,https://www.city.fuchu.tokyo.jp/kurashi/senkyo/index.html,https://www.city.fuchu.tokyo.jp/kurashi/senkyo/tohyo.html,,
昭島市,http://www.city.akishima.lg.jp/,http://www.city.akishima.lg.jp/200/index.html,http://www.city.akishima.lg.jp/s132/010/030/20140916152503.html,,
調布市,http://www.city.chofu.tokyo.jp/,http://www.city.chofu.tokyo.jp/www/genre/0000000000000/1000000010404/index.html,http://www.city.chofu.tokyo.jp/www/contents/1176118971309/index.html,,
町田市,http://www.city.machida.tokyo.jp/,http://www.city.machida.tokyo.jp/shisei/senkyo/index.html,http://www.city.machida.tokyo.jp/shisei/senkyo/senkyoshiryo/touhyokuiki/20121001touhyoujoitiran.html,,
小金井市,http://www.city.koganei.lg.jp/,https://www.city.koganei.lg.jp/shisei/466/index.html,,,
日野市,http://www.city.hino.lg.jp/,"http://www.city.hino.lg.jp/index.cfm/196,0,352,html",,,
国分寺市,http://www.city.kokubunji.tokyo.jp/,http://www.city.kokubunji.tokyo.jp/shisei/gyousei/senkyo/,http://www.city.kokubunji.tokyo.jp/shisei/gyousei/senkyo/1003583.html,,
国立市,http://www.city.kunitachi.tokyo.jp/,http://www.city.kunitachi.tokyo.jp/senkyo/,http://www.city.kunitachi.tokyo.jp/senkyo/003611.html,,
狛江市,http://www.city.komae.tokyo.jp/,"http://www.city.komae.tokyo.jp/index.cfm/41,0,319,html",,,
東大和市,http://www.city.higashiyamato.lg.jp/,"http://www.city.higashiyamato.lg.jp/index.cfm/36,0,382,html","http://www.city.higashiyamato.lg.jp/index.cfm/36,4116,382,663,html",,
武蔵村山市,http://www.city.musashimurayama.lg.jp/,http://www.city.musashimurayama.lg.jp/kurashi/senkyo/index.html,http://www.city.musashimurayama.lg.jp/kurashi/senkyo/1001542.html,,
多摩市,http://www.city.tama.lg.jp/,http://www.city.tama.lg.jp/gyoseiiinkai/senkyo/,http://www.city.tama.lg.jp/gyoseiiinkai/senkyo/1911/index.html,,
稲城市,http://www.city.inagi.tokyo.jp/,http://www.city.inagi.tokyo.jp/shisei/senkan/index.html,,,
小平市,http://www.city.kodaira.tokyo.jp/,http://www.city.kodaira.tokyo.jp/kurashi/index10017001.html,http://www.city.kodaira.tokyo.jp/kurashi/027/027493.html,,
東村山市,http://www.city.higashimurayama.tokyo.jp/,http://www.city.higashimurayama.tokyo.jp/shisei/sanka/senkyo/index.html,http://www.city.higashimurayama.tokyo.jp/shisei/sanka/senkyo/basyo.html,,
西東京市,http://www.city.nishitokyo.lg.jp/,http://www.city.nishitokyo.lg.jp/siseizyoho/senkyo/,http://www.city.nishitokyo.lg.jp/siseizyoho/senkyo/touhyoujo.html,,
清瀬市,http://www.city.kiyose.lg.jp/,http://www.city.kiyose.lg.jp/070/050/,http://www.city.kiyose.lg.jp/s062/010/010/030/010/hpg000009021.html,,
東久留米市,http://www.city.higashikurume.lg.jp/,http://www.city.higashikurume.lg.jp/shisei/senkyokanri/,http://www.city.higashikurume.lg.jp/shisei/senkyokanri/shikumi/1001963.html,,
青梅市,http://www.city.ome.tokyo.jp/,http://www.city.ome.tokyo.jp/shisei/shisei/senkyo/,http://www.city.ome.tokyo.jp/senkan/touhyoukuoyobikaihyouku.html,,
福生市,http://www.city.fussa.tokyo.jp/,https://www.city.fussa.tokyo.jp/municipal/outline/election/m1cpmb000001vm7b.html,https://www.city.fussa.tokyo.jp/municipal/outline/election/m1cpmb0000008v5t.html,,
羽村市,http://www.city.hamura.tokyo.jp/,http://www.city.hamura.tokyo.jp/category/3-7-0-0-0.html,http://www.city.hamura.tokyo.jp/0000000322.html,,
あきる野市,http://www.city.akiruno.tokyo.jp/,http://www.city.akiruno.tokyo.jp/category/2-8-0-0-0.html,,,
瑞穂町,http://www.town.mizuho.tokyo.jp/,http://www.town.mizuho.tokyo.jp/senkyo/senkyo.htm,http://www.town.mizuho.tokyo.jp/senkyo/senkyo-zyouhou/senkyo.htm,,
日の出町,http://www.town.hinode.tokyo.jp/,http://www.town.hinode.tokyo.jp/category/11-10-1-0-0.html,http://www.town.hinode.tokyo.jp/0000000598.html,,
檜原村,http://www.vill.hinohara.tokyo.jp/,http://vill.hinohara.tokyo.jp/senkyo/index.html,http://vill.hinohara.tokyo.jp/senkyo/03_touhyoujo.html,,
奥多摩町,http://www.town.okutama.tokyo.jp/,http://www.town.okutama.tokyo.jp/gyose/senkyo/index.html,http://www.town.okutama.tokyo.jp/gyose/koho/kohoshi/documents/4_25.pdf,,
大島町,http://www.town.oshima.tokyo.jp/,http://www.town.oshima.tokyo.jp/life/4/36/104/,,,
八丈町,http://www.town.hachijo.tokyo.jp/,http://www.town.hachijo.tokyo.jp/info/?p=2295,http://www.town.hachijo.tokyo.jp/info/?p=2295,,
利島村,http://www.toshimamura.org/,,,,
新島村,http://www.niijima.com/,https://www.niijima.com/soshiki/soumuka/senkan.html,https://www.niijima.com/soshiki/soumuka/senkan.html,,
神津島村,http://vill.kouzushima.tokyo.jp/,,,,
三宅村,http://www.miyakemura.com/,,,,
御蔵島村,http://www.mikurasima.jp/,,,,
青ヶ島村,http://www.vill.aogashima.tokyo.jp/top.html,,,,
小笠原村,http://www.vill.ogasawara.tokyo.jp/,,,,